price,area,bedrooms,bathrooms,stories,mainroad,guestroom,basement,hotwaterheating,airconditioning,parking,prefarea,furnishingstatus_semi-furnished,furnishingstatus_unfurnished,price_log
13300000,1.1147316855222709,1.4159506470638006,1.4403653857761023,1.3755450773693647,1,0,0,0,1,1.5203391268303674,1,0,0,16.40327466837995
12250000,1.858191390556453,1.4159506470638006,5.461539701850259,2.5282009060909156,1,0,0,0,1,2.6830773604485216,0,0,0,16.32103657658766
12250000,2.3409574327864417,0.05272156664599259,1.4403653857761023,0.22288924864781376,1,0,1,0,0,1.5203391268303674,1,1,0,16.32103657658766
12215000,1.1533529689006699,1.4159506470638006,1.4403653857761023,0.22288924864781376,1,0,1,0,1,2.6830773604485216,1,0,0,16.31817534454053
11410000,1.1147316855222709,1.4159506470638006,-0.570221772260976,0.22288924864781376,1,1,1,0,1,1.5203391268303674,0,0,0,16.250000809480674
10850000,1.1533529689006699,0.05272156664599259,3.4509525438131803,-0.9297665800737371,1,0,1,0,1,1.5203391268303674,1,1,0,16.19967573011664
10150000,1.6747402945090575,1.4159506470638006,3.4509525438131803,2.5282009060909156,1,0,0,0,1,1.5203391268303674,1,1,0,16.132984361974234
9870000,1.443012594238663,1.4159506470638006,-0.570221772260976,0.22288924864781376,1,1,1,0,1,1.5203391268303674,1,0,0,16.105010512726782
9800000,0.3085123949981899,0.05272156664599259,1.4403653857761023,2.5282009060909156,1,1,0,0,1,0.35760089321221317,1,0,1,16.097893045681612
9800000,3.9051194096116046,0.05272156664599259,-0.570221772260976,0.22288924864781376,1,0,1,0,1,1.5203391268303674,1,0,0,16.097893045681612
9681000,0.429203905555687,1.4159506470638006,3.4509525438131803,0.22288924864781376,1,1,1,1,0,1.5203391268303674,0,1,0,16.085675862997316
9310000,0.6947252287821807,1.4159506470638006,1.4403653857761023,0.22288924864781376,1,0,0,0,1,0.35760089321221317,1,1,0,16.04659975666463
9240000,-0.7777112000192844,1.4159506470638006,1.4403653857761023,0.22288924864781376,1,0,0,1,0,1.5203391268303674,0,0,0,16.039052551842968
9240000,1.2981827815696665,0.05272156664599259,1.4403653857761023,0.22288924864781376,1,0,0,0,0,-0.8051373404059411,1,1,0,16.039052551842968
9100000,0.429203905555687,1.4159506470638006,-0.570221772260976,0.22288924864781376,1,0,1,0,0,1.5203391268303674,0,1,0,16.02378508137718
9100000,0.7188635308936802,1.4159506470638006,1.4403653857761023,0.22288924864781376,1,1,1,0,1,0.35760089321221317,1,0,1,16.02378508137718
8960000,1.6361190111306585,0.05272156664599259,1.4403653857761023,2.5282009060909156,1,0,0,0,1,1.5203391268303674,0,0,0,16.00828089655825
8890000,-0.24666855356629697,0.05272156664599259,1.4403653857761023,0.22288924864781376,1,1,0,0,1,1.5203391268303674,0,0,0,16.00043771997602
8855000,0.6319656432922822,0.05272156664599259,1.4403653857761023,0.22288924864781376,1,0,0,0,1,0.35760089321221317,1,1,0,15.996492942129612
8750000,-0.38184304539069375,0.05272156664599259,-0.570221772260976,0.22288924864781376,1,0,1,1,0,1.5203391268303674,0,1,0,15.984564372619506
8680000,0.9867986843313238,0.05272156664599259,1.4403653857761023,-0.9297665800737371,1,1,1,0,1,1.5203391268303674,0,0,1,15.976532201843899
8645000,1.4188742921271635,0.05272156664599259,-0.570221772260976,-0.9297665800737371,1,1,1,0,1,0.35760089321221317,0,0,0,15.97249179277332
8645000,-0.2659791952554965,0.05272156664599259,1.4403653857761023,0.22288924864781376,1,1,1,0,1,0.35760089321221317,0,0,0,15.97249179277332
8575000,1.780948823799655,0.05272156664599259,1.4403653857761023,0.22288924864781376,1,0,0,0,1,1.5203391268303674,0,0,0,15.964361667634346
8540000,0.6898975683598808,1.4159506470638006,1.4403653857761023,0.22288924864781376,1,1,1,0,1,1.5203391268303674,1,0,0,15.960271682860764
8463000,0.429203905555687,0.05272156664599259,1.4403653857761023,2.5282009060909156,1,1,1,0,1,-0.8051373404059411,1,1,0,15.951214396813645
8400000,1.817156276966904,0.05272156664599259,-0.570221772260976,-0.9297665800737371,1,0,0,0,0,0.35760089321221317,0,1,0,15.943742382861155
8400000,1.3705976879041648,2.7791797274816084,1.4403653857761023,0.22288924864781376,1,0,1,1,0,1.5203391268303674,0,0,1,15.943742382861155
8400000,0.18782088444069273,1.4159506470638006,1.4403653857761023,0.22288924864781376,1,0,1,0,1,0.35760089321221317,1,1,0,15.943742382861155
8400000,1.14128381784492,0.05272156664599259,1.4403653857761023,2.5282009060909156,1,0,0,0,1,1.5203391268303674,0,0,1,15.943742382861155
8400000,0.9119699477856755,0.05272156664599259,-0.570221772260976,2.5282009060909156,1,0,0,0,1,1.5203391268303674,0,1,0,15.943742382861155
8295000,-0.11149406174190019,1.4159506470638006,1.4403653857761023,0.22288924864781376,1,0,0,0,1,0.35760089321221317,1,0,0,15.931163602161226
8190000,0.40989326386648745,0.05272156664599259,3.4509525438131803,0.22288924864781376,1,1,1,0,0,0.35760089321221317,0,0,1,15.918424577929366
8120000,0.8347273810288774,2.7791797274816084,-0.570221772260976,0.22288924864781376,1,1,1,0,1,0.35760089321221317,0,0,0,15.909840835290563
8080940,0.9119699477856755,0.05272156664599259,1.4403653857761023,2.5282009060909156,1,0,0,0,1,1.5203391268303674,0,0,0,15.905018884112332
8043000,1.14466318014053,0.05272156664599259,1.4403653857761023,1.3755450773693647,1,0,0,1,0,0.35760089321221317,1,0,0,15.900312830217915
7980000,1.8775020322456526,1.4159506470638006,1.4403653857761023,2.5282009060909156,1,0,0,0,1,1.5203391268303674,0,0,0,15.892449094739266
7962500,0.429203905555687,0.05272156664599259,-0.570221772260976,2.5282009060909156,1,1,0,0,1,1.5203391268303674,0,0,1,15.890253704451245
7910000,0.429203905555687,1.4159506470638006,1.4403653857761023,2.5282009060909156,1,0,0,0,1,0.35760089321221317,0,1,0,15.88363846616608
7875000,0.6947252287821807,0.05272156664599259,-0.570221772260976,0.22288924864781376,1,0,1,0,1,-0.8051373404059411,1,0,0,15.87920386966009
7840000,0.6029996807584829,0.05272156664599259,1.4403653857761023,2.5282009060909156,1,0,0,0,1,-0.8051373404059411,1,0,0,15.874749519877604
7700000,0.6609316058260816,0.05272156664599259,1.4403653857761023,2.5282009060909156,1,0,0,0,1,1.5203391268303674,0,0,1,15.856731016694035
7700000,0.429203905555687,1.4159506470638006,1.4403653857761023,2.5282009060909156,1,0,0,0,0,1.5203391268303674,0,1,0,15.856731016694035
7560000,0.429203905555687,1.4159506470638006,1.4403653857761023,2.5282009060909156,1,0,0,0,1,0.35760089321221317,0,0,0,15.83838188043084
7560000,0.429203905555687,0.05272156664599259,1.4403653857761023,1.3755450773693647,1,0,0,0,1,-0.8051373404059411,0,1,0,15.83838188043084
7525000,0.429203905555687,0.05272156664599259,1.4403653857761023,2.5282009060909156,1,0,0,0,1,0.35760089321221317,0,0,0,15.83374150148957
7490000,0.7188635308936802,0.05272156664599259,-0.570221772260976,2.5282009060909156,1,0,0,0,1,2.6830773604485216,1,0,0,15.829079489004743
7455000,-0.39149836623529355,0.05272156664599259,1.4403653857761023,0.22288924864781376,1,0,1,0,0,0.35760089321221317,0,0,1,15.824395640319128
7420000,1.1243870063668706,0.05272156664599259,1.4403653857761023,-0.9297665800737371,1,1,1,0,1,-0.8051373404059411,1,1,0,15.819689749914444
7420000,1.1243870063668706,0.05272156664599259,1.4403653857761023,2.5282009060909156,1,0,0,0,0,0.35760089321221317,1,0,1,15.819689749914444
7420000,0.5861028692804333,0.05272156664599259,-0.570221772260976,2.5282009060909156,1,0,0,0,1,0.35760089321221317,0,0,1,15.819689749914444
7350000,0.429203905555687,1.4159506470638006,1.4403653857761023,2.5282009060909156,1,1,0,0,1,0.35760089321221317,0,0,0,15.810211007243431
7350000,0.018852769660196732,0.05272156664599259,1.4403653857761023,2.5282009060909156,1,0,0,0,1,1.5203391268303674,0,1,0,15.810211007243431
7350000,0.429203905555687,0.05272156664599259,1.4403653857761023,0.22288924864781376,1,1,0,0,1,0.35760089321221317,0,1,0,15.810211007243431
7350000,0.429203905555687,0.05272156664599259,-0.570221772260976,0.22288924864781376,1,0,0,0,1,0.35760089321221317,0,0,1,15.810211007243431
7343000,3.0554511752868247,1.4159506470638006,-0.570221772260976,0.22288924864781376,1,0,1,0,0,0.35760089321221317,1,1,0,15.80925817261786
7245000,1.8775020322456526,1.4159506470638006,1.4403653857761023,2.5282009060909156,1,1,0,0,1,0.35760089321221317,1,0,0,15.795822271763136
7210000,1.2402508565020678,1.4159506470638006,1.4403653857761023,2.5282009060909156,1,1,0,0,1,0.35760089321221317,0,1,0,15.790979647957377
7210000,0.429203905555687,0.05272156664599259,1.4403653857761023,2.5282009060909156,1,1,0,0,1,0.35760089321221317,0,0,0,15.790979647957377
7140000,0.429203905555687,0.05272156664599259,1.4403653857761023,0.22288924864781376,1,1,0,0,0,0.35760089321221317,0,1,0,15.78122347437178
7070000,1.8195701071780541,-1.3105075137718154,-0.570221772260976,-0.9297665800737371,1,0,0,0,1,0.35760089321221317,0,1,0,15.77137117931546
7070000,0.5450677556908843,1.4159506470638006,1.4403653857761023,0.22288924864781376,1,0,0,0,1,0.35760089321221317,0,0,0,15.77137117931546
7035000,0.6029996807584829,1.4159506470638006,1.4403653857761023,1.3755450773693647,1,0,0,0,1,1.5203391268303674,1,0,0,15.766408390677027
7000000,2.927518174095878,0.05272156664599259,-0.570221772260976,-0.9297665800737371,1,0,1,0,1,0.35760089321221317,1,0,0,15.76142084987672
6930000,1.8195701071780541,0.05272156664599259,1.4403653857761023,0.22288924864781376,1,0,1,0,1,0.35760089321221317,0,0,0,15.75137051546622
6930000,3.9051194096116046,-1.3105075137718154,-0.570221772260976,-0.9297665800737371,1,0,1,1,0,0.35760089321221317,0,0,0,15.75137051546622
6895000,1.2499061773466675,0.05272156664599259,1.4403653857761023,-0.9297665800737371,1,0,0,0,0,1.5203391268303674,0,0,1,15.746307214242162
6860000,0.429203905555687,0.05272156664599259,-0.570221772260976,-0.9297665800737371,1,0,0,0,1,0.35760089321221317,0,0,0,15.741218145474653
6790000,3.369249102736317,1.4159506470638006,1.4403653857761023,0.22288924864781376,1,0,0,0,0,1.5203391268303674,1,0,0,15.730961646810274
6790000,-0.5363281789042901,0.05272156664599259,1.4403653857761023,0.22288924864781376,1,0,1,0,1,-0.8051373404059411,1,1,0,15.730961646810274
6755000,0.429203905555687,1.4159506470638006,1.4403653857761023,2.5282009060909156,1,0,0,0,1,-0.8051373404059411,0,0,1,15.725793677414915
6720000,-0.04390681582970178,0.05272156664599259,-0.570221772260976,2.5282009060909156,1,0,0,0,1,-0.8051373404059411,1,0,1,15.720598861308845
6685000,0.7188635308936802,-1.3105075137718154,1.4403653857761023,2.5282009060909156,1,0,1,0,0,-0.8051373404059411,1,0,0,15.7153769181068
6650000,-0.5170175372150906,0.05272156664599259,-0.570221772260976,0.22288924864781376,1,0,1,1,0,0.35760089321221317,0,0,0,15.710127563007966
6650000,-0.4108090079244931,1.4159506470638006,1.4403653857761023,0.22288924864781376,1,0,0,1,0,-0.8051373404059411,0,1,0,15.710127563007966
6650000,0.6319656432922822,0.05272156664599259,1.4403653857761023,1.3755450773693647,1,0,0,0,1,-0.8051373404059411,1,0,0,15.710127563007966
6650000,0.6705869266706813,0.05272156664599259,1.4403653857761023,1.3755450773693647,1,0,0,0,1,-0.8051373404059411,1,0,0,15.710127563007966
6650000,0.28437409288669047,0.05272156664599259,-0.570221772260976,-0.9297665800737371,1,1,1,0,1,1.5203391268303674,1,0,0,15.710127563007966
6650000,0.429203905555687,0.05272156664599259,1.4403653857761023,1.3755450773693647,1,1,0,0,1,-0.8051373404059411,0,0,0,15.710127563007966
6629000,0.429203905555687,0.05272156664599259,-0.570221772260976,0.22288924864781376,1,0,0,1,0,0.35760089321221317,1,1,0,15.706964672075832
6615000,-0.5363281789042901,0.05272156664599259,1.4403653857761023,0.22288924864781376,1,0,1,0,1,0.35760089321221317,0,1,0,15.704850506702762
6615000,2.6016510955906353,0.05272156664599259,1.4403653857761023,-0.9297665800737371,1,0,1,0,1,0.35760089321221317,1,0,0,15.704850506702762
6580000,0.429203905555687,0.05272156664599259,1.4403653857761023,2.5282009060909156,1,0,0,0,1,-0.8051373404059411,0,1,0,15.699545455277173
6510000,-0.6521920290394874,0.05272156664599259,-0.570221772260976,0.22288924864781376,1,0,0,1,0,1.5203391268303674,0,1,0,15.688850167794572
6510000,1.5154275005731612,0.05272156664599259,1.4403653857761023,1.3755450773693647,1,0,0,0,1,-0.8051373404059411,0,0,0,15.688850167794572
6510000,0.7526571538497794,0.05272156664599259,-0.570221772260976,1.3755450773693647,1,0,1,0,0,-0.8051373404059411,1,0,1,15.688850167794572
6475000,-0.5556388205934897,0.05272156664599259,-0.570221772260976,-0.9297665800737371,1,0,1,0,0,1.5203391268303674,0,1,0,15.683459319990018
6475000,1.1099040250999708,0.05272156664599259,-0.570221772260976,-0.9297665800737371,1,1,1,0,1,1.5203391268303674,1,0,1,15.683459319990018
6440000,1.6747402945090575,2.7791797274816084,3.4509525438131803,0.22288924864781376,1,0,0,0,0,1.5203391268303674,0,0,0,15.678039253360028
6440000,-0.053562136674301555,0.05272156664599259,-0.570221772260976,0.22288924864781376,1,0,0,0,1,-0.8051373404059411,0,1,0,15.678039253360028
6419000,0.7912784372281785,-1.3105075137718154,-0.570221772260976,-0.9297665800737371,1,1,1,0,0,1.5203391268303674,1,0,0,15.674773056081408
6405000,-0.15011534512029925,0.05272156664599259,1.4403653857761023,2.5282009060909156,1,1,0,0,1,-0.8051373404059411,0,0,0,15.672589649440985
6300000,1.0085231562316732,0.05272156664599259,1.4403653857761023,-0.9297665800737371,1,0,1,0,1,2.6830773604485216,0,1,0,15.656060350091908
6300000,0.429203905555687,1.4159506470638006,1.4403653857761023,2.5282009060909156,1,0,0,0,0,0.35760089321221317,0,1,0,15.656060350091908
6300000,-0.48805157468129123,0.05272156664599259,1.4403653857761023,1.3755450773693647,1,0,0,0,1,1.5203391268303674,0,1,0,15.656060350091908
6300000,1.8775020322456526,0.05272156664599259,-0.570221772260976,-0.9297665800737371,1,0,1,0,0,0.35760089321221317,1,0,0,15.656060350091908
6300000,0.6223103224476825,0.05272156664599259,-0.570221772260976,-0.9297665800737371,1,1,1,0,1,0.35760089321221317,1,1,0,15.656060350091908
6293000,0.7188635308936802,0.05272156664599259,1.4403653857761023,1.3755450773693647,1,0,0,0,1,-0.8051373404059411,1,0,1,15.65494862141578
6265000,0.429203905555687,1.4159506470638006,-0.570221772260976,1.3755450773693647,1,1,1,0,0,-0.8051373404059411,1,0,1,15.650489305929213
6230000,0.7188635308936802,0.05272156664599259,1.4403653857761023,-0.9297665800737371,1,0,1,0,1,-0.8051373404059411,1,0,1,15.644887051277268
6230000,0.18782088444069273,0.05272156664599259,-0.570221772260976,1.3755450773693647,1,0,0,0,0,0.35760089321221317,1,0,1,15.644887051277268
6195000,0.18782088444069273,0.05272156664599259,1.4403653857761023,2.5282009060909156,1,1,0,0,1,0.35760089321221317,0,1,0,15.639253234465867
6195000,0.598172020336183,0.05272156664599259,1.4403653857761023,1.3755450773693647,1,1,0,0,1,-0.8051373404059411,0,0,0,15.639253234465867
6195000,0.18782088444069273,0.05272156664599259,1.4403653857761023,-0.9297665800737371,1,1,1,0,0,1.5203391268303674,1,0,0,15.639253234465867
6160000,-0.2949451577892958,0.05272156664599259,-0.570221772260976,2.5282009060909156,1,0,0,0,1,-0.8051373404059411,0,0,1,15.633587497847351
6160000,0.1636825823291933,1.4159506470638006,1.4403653857761023,-0.9297665800737371,1,0,1,0,1,-0.8051373404059411,1,1,0,15.633587497847351
6125000,0.6319656432922822,0.05272156664599259,-0.570221772260976,1.3755450773693647,1,0,1,0,0,-0.8051373404059411,1,0,1,15.627889477660357
6107500,-0.9032303709990814,1.4159506470638006,-0.570221772260976,1.3755450773693647,1,0,0,0,0,0.35760089321221317,0,1,0,15.625028245847135
6090000,0.72610502152713,1.4159506470638006,1.4403653857761023,0.22288924864781376,1,1,0,1,0,0.35760089321221317,0,1,0,15.622158803889679
6090000,0.7188635308936802,0.05272156664599259,-0.570221772260976,-0.9297665800737371,1,1,1,0,0,1.5203391268303674,1,1,0,15.622158803889679
6090000,1.5743249577252199,0.05272156664599259,-0.570221772260976,1.3755450773693647,1,0,0,0,1,1.5203391268303674,0,0,1,15.622158803889679
6083000,-0.39149836623529355,4.142408807899416,1.4403653857761023,0.22288924864781376,1,0,0,0,0,-0.8051373404059411,0,0,0,15.621008717695398
6083000,2.1768169784282456,0.05272156664599259,-0.570221772260976,-0.9297665800737371,1,0,1,0,0,1.5203391268303674,1,0,0,15.621008717695398
6020000,0.8154167393396778,-1.3105075137718154,-0.570221772260976,-0.9297665800737371,1,1,1,0,0,1.5203391268303674,0,0,0,15.610597983397946
6020000,1.3947359900156642,0.05272156664599259,-0.570221772260976,-0.9297665800737371,1,1,1,0,1,1.5203391268303674,1,1,0,15.610597983397946
6020000,0.8636933435626767,0.05272156664599259,1.4403653857761023,-0.9297665800737371,1,1,1,0,0,-0.8051373404059411,1,0,1,15.610597983397946
5950000,-0.6811579915732867,1.4159506470638006,-0.570221772260976,0.22288924864781376,1,1,0,0,1,-0.8051373404059411,0,0,0,15.598901945589025
5950000,0.6319656432922822,0.05272156664599259,-0.570221772260976,-0.9297665800737371,1,0,1,0,1,-0.8051373404059411,1,0,0,15.598901945589025
5950000,0.9216252686302754,0.05272156664599259,-0.570221772260976,-0.9297665800737371,1,0,1,0,1,1.5203391268303674,1,1,0,15.598901945589025
5950000,0.6898975683598808,0.05272156664599259,-0.570221772260976,-0.9297665800737371,1,1,1,0,0,1.5203391268303674,1,0,0,15.598901945589025
5950000,1.023488903540803,0.05272156664599259,-0.570221772260976,0.22288924864781376,1,1,1,0,1,-0.8051373404059411,1,1,0,15.598901945589025
5950000,0.5518264802821041,1.4159506470638006,1.4403653857761023,-0.9297665800737371,1,0,1,0,0,0.35760089321221317,1,1,0,15.598901945589025
5950000,1.066455081299272,1.4159506470638006,1.4403653857761023,0.22288924864781376,1,0,0,0,0,-0.8051373404059411,0,0,0,15.598901945589025
5950000,0.682656077726431,0.05272156664599259,1.4403653857761023,2.5282009060909156,1,0,0,0,0,0.35760089321221317,0,0,0,15.598901945589025
5880000,0.9892125145424737,0.05272156664599259,-0.570221772260976,-0.9297665800737371,1,0,1,0,0,1.5203391268303674,1,0,1,15.587067489942822
5880000,0.6705869266706813,0.05272156664599259,1.4403653857761023,1.3755450773693647,1,0,0,0,1,-0.8051373404059411,0,0,1,15.587067489942822
5873000,0.18782088444069273,0.05272156664599259,-0.570221772260976,1.3755450773693647,1,1,0,0,1,0.35760089321221317,0,0,0,15.585876304775372
5873000,3.0651064961314245,0.05272156664599259,-0.570221772260976,1.3755450773693647,1,0,0,0,0,1.5203391268303674,1,1,0,15.585876304775372
5866000,-0.15011534512029925,0.05272156664599259,-0.570221772260976,-0.9297665800737371,1,1,1,0,0,-0.8051373404059411,0,0,1,15.584683698993436
5810000,0.346168146292129,1.4159506470638006,-0.570221772260976,2.5282009060909156,1,1,0,0,0,-0.8051373404059411,0,1,0,15.575091300945118
5810000,0.04299107177169616,0.05272156664599259,-0.570221772260976,1.3755450773693647,1,0,0,0,1,-0.8051373404059411,0,1,0,15.575091300945118
5810000,-0.15011534512029925,0.05272156664599259,-0.570221772260976,1.3755450773693647,1,0,0,0,1,-0.8051373404059411,0,0,1,15.575091300945118
5803000,0.9119699477856755,0.05272156664599259,-0.570221772260976,-0.9297665800737371,1,0,1,0,0,1.5203391268303674,1,1,0,15.57388575549739
5775000,0.429203905555687,0.05272156664599259,1.4403653857761023,2.5282009060909156,1,0,0,0,1,-0.8051373404059411,0,0,1,15.56904898753229
5740000,0.13954428021769388,1.4159506470638006,1.4403653857761023,0.22288924864781376,1,0,0,0,1,1.5203391268303674,0,0,1,15.562969942511762
5740000,-0.22735791187709745,1.4159506470638006,-0.570221772260976,0.22288924864781376,1,0,0,0,0,0.35760089321221317,0,1,0,15.562969942511762
5740000,-0.053562136674301555,0.05272156664599259,-0.570221772260976,1.3755450773693647,1,0,0,0,1,-0.8051373404059411,0,1,0,15.562969942511762
5740000,0.6029996807584829,0.05272156664599259,-0.570221772260976,-0.9297665800737371,1,1,1,0,1,1.5203391268303674,1,0,0,15.562969942511762
5740000,0.3326506971096893,0.05272156664599259,1.4403653857761023,2.5282009060909156,1,0,0,0,1,-0.8051373404059411,0,0,1,15.562969942511762
5652500,0.7478294934274795,1.4159506470638006,1.4403653857761023,0.22288924864781376,1,1,1,0,0,0.35760089321221317,1,1,0,15.547608660047116
5600000,2.6016510955906353,1.4159506470638006,1.4403653857761023,0.22288924864781376,1,0,0,0,0,0.35760089321221317,0,1,0,15.53827733427679
5600000,-0.15011534512029925,2.7791797274816084,1.4403653857761023,1.3755450773693647,0,0,1,1,0,-0.8051373404059411,0,0,1,15.53827733427679
5600000,-0.19839194934329812,1.4159506470638006,-0.570221772260976,0.22288924864781376,1,1,1,0,1,0.35760089321221317,0,0,0,15.53827733427679
5600000,-0.053562136674301555,0.05272156664599259,-0.570221772260976,2.5282009060909156,1,0,0,0,0,-0.8051373404059411,0,0,0,15.53827733427679
5600000,2.6016510955906353,-1.3105075137718154,-0.570221772260976,-0.9297665800737371,1,0,0,0,0,0.35760089321221317,0,1,0,15.53827733427679
5600000,0.18782088444069273,0.05272156664599259,1.4403653857761023,0.22288924864781376,1,0,0,0,0,0.35760089321221317,0,1,0,15.53827733427679
5600000,0.6029996807584829,0.05272156664599259,-0.570221772260976,1.3755450773693647,1,0,0,0,0,-0.8051373404059411,1,1,0,15.53827733427679
5600000,0.7188635308936802,1.4159506470638006,1.4403653857761023,-0.9297665800737371,1,0,1,0,0,-0.8051373404059411,1,1,0,15.53827733427679
5600000,0.012094045068976891,0.05272156664599259,-0.570221772260976,0.22288924864781376,1,1,1,0,1,-0.8051373404059411,1,0,1,15.53827733427679
5565000,-0.3432217620122947,1.4159506470638006,-0.570221772260976,0.22288924864781376,1,0,0,0,1,1.5203391268303674,1,1,0,15.532007722386286
5565000,0.13954428021769388,2.7791797274816084,-0.570221772260976,0.22288924864781376,1,1,1,0,1,-0.8051373404059411,1,0,0,15.532007722386286
5530000,-0.8742644084652821,0.05272156664599259,3.4509525438131803,0.22288924864781376,1,0,1,0,0,-0.8051373404059411,0,1,0,15.525698554330328
5530000,-0.7052962936847861,0.05272156664599259,1.4403653857761023,0.22288924864781376,1,0,0,0,0,1.5203391268303674,0,1,0,15.525698554330328
5530000,0.47748050977868584,0.05272156664599259,1.4403653857761023,-0.9297665800737371,1,0,1,0,0,1.5203391268303674,1,0,0,15.525698554330328
5523000,0.8636933435626767,0.05272156664599259,-0.570221772260976,-0.9297665800737371,1,1,1,0,0,-0.8051373404059411,1,1,0,15.524431929944326
5495000,-1.1074404068623667,1.4159506470638006,1.4403653857761023,0.22288924864781376,0,1,1,0,0,0.35760089321221317,0,0,0,15.519349327803464
5495000,1.3850806691710644,0.05272156664599259,-0.570221772260976,-0.9297665800737371,1,0,0,0,0,1.5203391268303674,0,1,0,15.519349327803464
5460000,-0.9466793147997804,0.05272156664599259,1.4403653857761023,-0.9297665800737371,1,1,1,0,1,-0.8051373404059411,0,0,0,15.512959530871255
5460000,0.5305847744239846,1.4159506470638006,-0.570221772260976,2.5282009060909156,1,1,0,0,1,-0.8051373404059411,0,0,0,15.512959530871255
5460000,0.47748050977868584,0.05272156664599259,-0.570221772260976,1.3755450773693647,1,1,0,0,1,-0.8051373404059411,1,1,0,15.512959530871255
5460000,0.7188635308936802,1.4159506470638006,1.4403653857761023,0.22288924864781376,1,1,1,0,0,-0.8051373404059411,1,1,0,15.512959530871255
5425000,0.8274858903954275,0.05272156664599259,-0.570221772260976,-0.9297665800737371,1,1,1,0,1,-0.8051373404059411,1,1,0,15.506528641722577
5390000,0.7719677955389789,0.05272156664599259,1.4403653857761023,0.22288924864781376,1,1,1,0,0,0.35760089321221317,1,0,0,15.50005612841392
5383000,0.6464486245591818,0.05272156664599259,1.4403653857761023,-0.9297665800737371,1,1,1,1,0,-0.8051373404059411,0,0,1,15.498756583313094
5320000,1.2981827815696665,0.05272156664599259,-0.570221772260976,-0.9297665800737371,1,0,1,0,1,1.5203391268303674,1,0,1,15.486984049287734
5285000,-0.24666855356629697,-1.3105075137718154,1.4403653857761023,-0.9297665800737371,1,0,0,0,1,1.5203391268303674,0,1,0,15.480383366501217
5250000,-0.4108090079244931,1.4159506470638006,-0.570221772260976,0.22288924864781376,1,0,1,0,1,-0.8051373404059411,0,0,0,15.473738825043979
5250000,0.6898975683598808,1.4159506470638006,1.4403653857761023,0.22288924864781376,0,0,0,0,1,-0.8051373404059411,0,1,0,15.473738825043979
5250000,0.18782088444069273,0.05272156664599259,1.4403653857761023,-0.9297665800737371,1,0,1,0,0,-0.8051373404059411,0,1,0,15.473738825043979
5250000,2.490132139835508,0.05272156664599259,-0.570221772260976,-0.9297665800737371,1,0,0,0,0,0.35760089321221317,1,1,0,15.473738825043979
5250000,1.5878424069076595,0.05272156664599259,-0.570221772260976,0.22288924864781376,1,1,1,0,1,1.5203391268303674,1,0,1,15.473738825043979
5250000,0.09126767599469501,1.4159506470638006,1.4403653857761023,-0.9297665800737371,1,0,0,0,1,-0.8051373404059411,1,0,1,15.473738825043979
5250000,-0.6328813873502879,0.05272156664599259,-0.570221772260976,0.22288924864781376,1,1,1,0,0,0.35760089321221317,1,0,1,15.473738825043979
5250000,2.2637148660296433,1.4159506470638006,1.4403653857761023,0.22288924864781376,1,1,0,0,0,1.5203391268303674,0,1,0,15.473738825043979
5250000,1.6457743319752582,0.05272156664599259,-0.570221772260976,-0.9297665800737371,1,0,0,0,1,1.5203391268303674,0,0,0,15.473738825043979
5243000,0.4533422076671864,0.05272156664599259,-0.570221772260976,-0.9297665800737371,1,0,1,0,0,-0.8051373404059411,1,1,0,15.472404602285149
5229000,0.9530050613752246,0.05272156664599259,-0.570221772260976,-0.9297665800737371,1,1,1,0,0,1.5203391268303674,1,1,0,15.469730804411405
5215000,-0.9321963335328808,0.05272156664599259,1.4403653857761023,0.22288924864781376,1,0,0,0,0,1.5203391268303674,0,1,0,15.467049838171546
5215000,-0.2949451577892958,1.4159506470638006,1.4403653857761023,-0.9297665800737371,0,0,1,0,1,1.5203391268303674,0,1,0,15.467049838171546
5215000,1.0085231562316732,0.05272156664599259,-0.570221772260976,0.22288924864781376,1,1,1,0,0,0.35760089321221317,1,0,0,15.467049838171546
5145000,-0.8211601438199834,0.05272156664599259,-0.570221772260976,0.22288924864781376,0,0,0,0,1,-0.8051373404059411,0,1,0,15.453536121613729
5145000,1.3850806691710644,0.05272156664599259,-0.570221772260976,-0.9297665800737371,1,0,0,0,0,0.35760089321221317,1,1,0,15.453536121613729
5110000,-1.0190942211342786,0.05272156664599259,1.4403653857761023,0.22288924864781376,1,1,1,0,0,-0.8051373404059411,0,0,0,15.446710157874584
5110000,-1.0190942211342786,0.05272156664599259,-0.570221772260976,0.22288924864781376,1,0,1,0,0,-0.8051373404059411,0,0,1,15.446710157874584
5110000,3.040968194019925,-1.3105075137718154,-0.570221772260976,0.22288924864781376,1,0,0,0,0,-0.8051373404059411,1,0,0,15.446710157874584
5110000,0.47748050977868584,0.05272156664599259,-0.570221772260976,-0.9297665800737371,1,0,1,0,1,-0.8051373404059411,1,1,0,15.446710157874584
5075000,0.2940294137312902,-1.3105075137718154,-0.570221772260976,0.22288924864781376,1,0,0,0,1,-0.8051373404059411,1,0,1,15.439837279936441
5040000,-0.7584005583300848,-1.3105075137718154,-0.570221772260976,-0.9297665800737371,0,1,1,0,0,-0.8051373404059411,0,1,0,15.43291683846023
5040000,1.2016295731236688,1.4159506470638006,-0.570221772260976,0.22288924864781376,1,0,0,0,1,1.5203391268303674,0,0,0,15.43291683846023
5040000,2.6982043040366332,0.05272156664599259,-0.570221772260976,0.22288924864781376,1,1,1,0,0,-0.8051373404059411,0,1,0,15.43291683846023
5040000,0.7188635308936802,0.05272156664599259,-0.570221772260976,-0.9297665800737371,1,1,1,0,0,-0.8051373404059411,1,0,0,15.43291683846023
5033000,-0.15011534512029925,-1.3105075137718154,-0.570221772260976,-0.9297665800737371,1,1,1,0,0,-0.8051373404059411,0,1,0,15.431526984447132
5005000,1.4671508963501625,0.05272156664599259,1.4403653857761023,-0.9297665800737371,1,1,1,0,0,-0.8051373404059411,0,1,0,15.425948170531639
4970000,-0.3383941015899948,1.4159506470638006,3.4509525438131803,0.22288924864781376,1,0,1,0,0,1.5203391268303674,0,1,0,15.418930599280035
4970000,1.2431474527554478,0.05272156664599259,-0.570221772260976,-0.9297665800737371,1,1,1,1,0,-0.8051373404059411,0,1,0,15.418930599280035
4956000,-1.1156474295802763,0.05272156664599259,1.4403653857761023,0.22288924864781376,0,0,1,0,1,0.35760089321221317,0,1,0,15.416109723506775
4935000,0.4041000713597276,0.05272156664599259,-0.570221772260976,0.22288924864781376,1,0,0,0,1,-0.8051373404059411,0,1,0,15.411863433483944
4907000,-0.4397749704582924,0.05272156664599259,-0.570221772260976,0.22288924864781376,1,0,0,0,0,0.35760089321221317,0,0,0,15.406173518862524
4900000,-0.28528983694469606,0.05272156664599259,-0.570221772260976,0.22288924864781376,1,0,1,0,1,-0.8051373404059411,0,1,0,15.404745967162468
4900000,-0.4904654048924412,0.05272156664599259,-0.570221772260976,0.22288924864781376,0,1,1,0,1,-0.8051373404059411,0,1,0,15.404745967162468
4900000,-0.4783962538366915,-1.3105075137718154,-0.570221772260976,-0.9297665800737371,1,0,1,0,0,0.35760089321221317,0,1,0,15.404745967162468
4900000,0.13954428021769388,1.4159506470638006,-0.570221772260976,0.22288924864781376,1,0,0,0,0,-0.8051373404059411,0,1,0,15.404745967162468
4900000,-0.16459832638719893,0.05272156664599259,-0.570221772260976,-0.9297665800737371,1,1,1,0,0,-0.8051373404059411,0,1,0,15.404745967162468
4900000,0.5740337182246835,0.05272156664599259,-0.570221772260976,-0.9297665800737371,1,0,0,0,1,1.5203391268303674,0,1,0,15.404745967162468
4900000,0.3326506971096893,-1.3105075137718154,-0.570221772260976,-0.9297665800737371,1,1,1,0,1,-0.8051373404059411,0,1,0,15.404745967162468
4900000,-1.0190942211342786,0.05272156664599259,-0.570221772260976,0.22288924864781376,1,0,1,0,1,-0.8051373404059411,0,1,0,15.404745967162468
4900000,-1.0335772024011782,0.05272156664599259,-0.570221772260976,1.3755450773693647,1,0,0,0,0,-0.8051373404059411,0,1,0,15.404745967162468
4900000,0.7767954559612787,0.05272156664599259,-0.570221772260976,-0.9297665800737371,1,0,0,0,0,-0.8051373404059411,0,0,1,15.404745967162468
4900000,-0.2244613156237175,0.05272156664599259,-0.570221772260976,0.22288924864781376,1,1,1,0,0,1.5203391268303674,0,1,0,15.404745967162468
4900000,3.760289596942608,0.05272156664599259,-0.570221772260976,-0.9297665800737371,1,0,0,0,0,1.5203391268303674,0,0,0,15.404745967162468
4893000,-0.8163324833976835,1.4159506470638006,1.4403653857761023,0.22288924864781376,1,0,1,0,1,1.5203391268303674,0,1,0,15.403316374644834
4893000,-0.05597596688545149,1.4159506470638006,1.4403653857761023,-0.9297665800737371,1,0,1,0,0,-0.8051373404059411,0,1,0,15.403316374644834
4865000,-0.36736006412379413,-1.3105075137718154,-0.570221772260976,-0.9297665800737371,1,0,1,0,0,-0.8051373404059411,0,0,1,15.397577479152067
4830000,-0.45908561214749194,0.05272156664599259,-0.570221772260976,1.3755450773693647,1,0,0,0,0,-0.8051373404059411,0,0,1,15.390357232668071
4830000,0.44851454724488654,0.05272156664599259,-0.570221772260976,-0.9297665800737371,1,0,0,0,0,1.5203391268303674,1,1,0,15.390357232668071
4830000,0.8453482339579371,0.05272156664599259,-0.570221772260976,0.22288924864781376,1,0,0,0,1,1.5203391268303674,1,0,0,15.390357232668071
4830000,-0.14287385448684944,-1.3105075137718154,-0.570221772260976,-0.9297665800737371,1,0,0,0,1,-0.8051373404059411,1,1,0,15.390357232668071
4795000,0.9119699477856755,0.05272156664599259,-0.570221772260976,0.22288924864781376,1,0,1,0,0,-0.8051373404059411,0,0,1,15.383084474850227
4795000,1.443012594238663,1.4159506470638006,-0.570221772260976,2.5282009060909156,1,0,1,0,1,1.5203391268303674,0,1,0,15.383084474850227
4767000,-0.8163324833976835,1.4159506470638006,1.4403653857761023,0.22288924864781376,1,0,0,0,0,-0.8051373404059411,0,1,0,15.377227943962481
4760000,1.9576411952558308,-1.3105075137718154,-0.570221772260976,-0.9297665800737371,1,0,1,0,1,1.5203391268303674,0,1,0,15.375758436291614
4760000,0.5841718051115133,0.05272156664599259,-0.570221772260976,0.22288924864781376,1,0,1,0,1,0.35760089321221317,0,0,0,15.375758436291614
4760000,2.4761319246108386,-1.3105075137718154,-0.570221772260976,-0.9297665800737371,1,0,0,0,1,1.5203391268303674,1,0,1,15.375758436291614
4753000,0.641620964136882,-1.3105075137718154,-0.570221772260976,-0.9297665800737371,1,0,0,0,1,2.6830773604485216,0,1,0,15.37428676598956
4690000,0.028508090504796503,0.05272156664599259,-0.570221772260976,2.5282009060909156,1,0,0,0,1,-0.8051373404059411,0,1,0,15.360943353642055
4690000,0.429203905555687,-1.3105075137718154,-0.570221772260976,-0.9297665800737371,1,0,1,0,1,0.35760089321221317,0,0,0,15.360943353642055
4690000,-0.7149516145293858,0.05272156664599259,-0.570221772260976,0.22288924864781376,1,0,0,0,0,1.5203391268303674,0,1,0,15.360943353642055
4690000,2.199506982413055,1.4159506470638006,1.4403653857761023,0.22288924864781376,1,1,1,0,0,0.35760089321221317,0,1,0,15.360943353642055
4690000,0.13954428021769388,-1.3105075137718154,-0.570221772260976,0.22288924864781376,1,0,0,0,0,-0.8051373404059411,1,1,0,15.360943353642055
4690000,-0.38184304539069375,0.05272156664599259,-0.570221772260976,-0.9297665800737371,1,0,0,0,0,-0.8051373404059411,1,1,0,15.360943353642055
4655000,-0.6594335196729372,0.05272156664599259,-0.570221772260976,0.22288924864781376,1,0,1,0,0,-0.8051373404059411,0,0,0,15.353452683516053
4620000,-0.45908561214749194,0.05272156664599259,-0.570221772260976,-0.9297665800737371,1,1,1,0,1,-0.8051373404059411,0,0,1,15.345905479508115
4620000,-0.5942601039718888,0.05272156664599259,1.4403653857761023,0.22288924864781376,1,0,1,0,0,1.5203391268303674,0,1,0,15.345905479508115
4620000,0.27471877204209066,0.05272156664599259,-0.570221772260976,0.22288924864781376,1,1,0,0,1,0.35760089321221317,0,1,0,15.345905479508115
4620000,-1.0818538066241772,-1.3105075137718154,-0.570221772260976,0.22288924864781376,1,1,1,0,0,-0.8051373404059411,1,1,0,15.345905479508115
4620000,-0.04873447625200167,0.05272156664599259,-0.570221772260976,0.22288924864781376,1,0,1,0,0,-0.8051373404059411,0,1,0,15.345905479508115
4613000,-0.29011749736699594,1.4159506470638006,1.4403653857761023,0.22288924864781376,1,0,1,0,0,-0.8051373404059411,0,1,0,15.344389179318602
4585000,-0.5363281789042901,0.05272156664599259,-0.570221772260976,0.22288924864781376,1,0,0,0,0,0.35760089321221317,0,0,0,15.338300881775186
4585000,-0.6135707456610883,0.05272156664599259,-0.570221772260976,0.22288924864781376,1,0,0,0,0,0.35760089321221317,1,1,0,15.338300881775186
4550000,-0.6521920290394874,0.05272156664599259,-0.570221772260976,-0.9297665800737371,1,0,0,0,0,1.5203391268303674,0,1,0,15.330638010707329
4550000,-0.710123954107086,0.05272156664599259,-0.570221772260976,0.22288924864781376,1,0,0,0,1,-0.8051373404059411,0,0,0,15.330638010707329
4550000,-1.2363389401377736,0.05272156664599259,-0.570221772260976,0.22288924864781376,1,0,1,0,0,-0.8051373404059411,0,0,0,15.330638010707329
4550000,0.10092299683929479,0.05272156664599259,-0.570221772260976,0.22288924864781376,1,1,1,0,0,-0.8051373404059411,1,1,0,15.330638010707329
4550000,0.12023363852849434,0.05272156664599259,-0.570221772260976,0.22288924864781376,1,0,0,0,0,1.5203391268303674,1,0,1,15.330638010707329
4550000,-0.7680558791746847,0.05272156664599259,-0.570221772260976,-0.9297665800737371,1,0,0,0,0,-0.8051373404059411,1,1,0,15.330638010707329
4550000,1.5878424069076595,1.4159506470638006,-0.570221772260976,2.5282009060909156,1,0,0,0,0,2.6830773604485216,0,0,1,15.330638010707329
4543000,-0.48805157468129123,-1.3105075137718154,1.4403653857761023,-0.9297665800737371,1,1,1,0,0,-0.8051373404059411,0,1,0,15.32909836486038
4543000,-0.058389797096601435,1.4159506470638006,1.4403653857761023,0.22288924864781376,1,1,1,0,0,-0.8051373404059411,1,0,0,15.32909836486038
4515000,-0.7728835395969845,0.05272156664599259,-0.570221772260976,1.3755450773693647,1,0,0,0,0,-0.8051373404059411,0,1,0,15.32291596631714
4515000,-0.8018495021307838,0.05272156664599259,-0.570221772260976,0.22288924864781376,1,0,1,0,0,0.35760089321221317,0,1,0,15.32291596631714
4515000,2.292680828563443,0.05272156664599259,-0.570221772260976,-0.9297665800737371,1,0,0,0,0,-0.8051373404059411,0,1,0,15.32291596631714
4515000,-0.7680558791746847,-1.3105075137718154,-0.570221772260976,0.22288924864781376,1,0,0,0,0,-0.8051373404059411,1,0,0,15.32291596631714
4480000,-0.29011749736699594,1.4159506470638006,-0.570221772260976,0.22288924864781376,1,0,0,0,1,1.5203391268303674,0,1,0,15.315133827605429
4480000,0.37368581069923834,-1.3105075137718154,-0.570221772260976,-0.9297665800737371,1,0,0,0,1,0.35760089321221317,0,0,1,15.315133827605429
4480000,-0.5363281789042901,0.05272156664599259,-0.570221772260976,0.22288924864781376,1,0,0,0,0,1.5203391268303674,0,0,0,15.315133827605429
4480000,1.5154275005731612,0.05272156664599259,-0.570221772260976,-0.9297665800737371,1,0,0,0,0,-0.8051373404059411,0,0,0,15.315133827605429
4480000,-0.5170175372150906,0.05272156664599259,-0.570221772260976,0.22288924864781376,1,0,0,0,0,0.35760089321221317,0,1,0,15.315133827605429
4473000,0.6029996807584829,-1.3105075137718154,-0.570221772260976,-0.9297665800737371,1,0,1,0,1,0.35760089321221317,0,0,0,15.313570105978563
4473000,-0.9408861222930205,0.05272156664599259,-0.570221772260976,0.22288924864781376,1,0,0,0,1,0.35760089321221317,0,0,0,15.313570105978563
4473000,-0.7728835395969845,0.05272156664599259,-0.570221772260976,0.22288924864781376,1,0,0,0,0,-0.8051373404059411,0,1,0,15.313570105978563
4445000,-0.6570196894617872,-1.3105075137718154,-0.570221772260976,-0.9297665800737371,1,1,1,0,0,-0.8051373404059411,0,1,0,15.307290651901996
4410000,-0.5517766922556497,0.05272156664599259,-0.570221772260976,0.22288924864781376,0,0,0,0,0,-0.8051373404059411,0,1,0,15.299385474180372
4410000,-0.10183874089730041,-1.3105075137718154,-0.570221772260976,0.22288924864781376,1,0,1,0,0,-0.8051373404059411,0,1,0,15.299385474180372
4403000,-1.0770261462018773,0.05272156664599259,-0.570221772260976,0.22288924864781376,1,0,0,0,0,-0.8051373404059411,1,1,0,15.29779691185574
4403000,-0.11149406174190019,0.05272156664599259,-0.570221772260976,-0.9297665800737371,1,0,0,0,0,1.5203391268303674,1,0,1,15.29779691185574
4403000,-0.09218342005270064,0.05272156664599259,-0.570221772260976,0.22288924864781376,1,0,0,0,0,0.35760089321221317,0,1,0,15.29779691185574
4382000,-0.07770043878580098,1.4159506470638006,-0.570221772260976,0.22288924864781376,1,0,0,0,1,-0.8051373404059411,0,1,0,15.293016027343821
4375000,-0.5846047831272889,0.05272156664599259,-0.570221772260976,0.22288924864781376,1,0,0,0,0,-0.8051373404059411,0,0,1,15.291417306345254
4340000,-0.2949451577892958,0.05272156664599259,1.4403653857761023,1.3755450773693647,1,0,0,1,0,0.35760089321221317,0,0,0,15.283385136491308
4340000,-1.5477230373761162,2.7791797274816084,-0.570221772260976,0.22288924864781376,0,0,1,0,0,-0.8051373404059411,0,1,0,15.283385136491308
4340000,-0.5001207257370409,0.05272156664599259,-0.570221772260976,-0.9297665800737371,1,1,1,0,0,1.5203391268303674,0,1,0,15.283385136491308
4340000,-0.7777112000192844,1.4159506470638006,-0.570221772260976,0.22288924864781376,1,0,0,0,0,1.5203391268303674,0,0,0,15.283385136491308
4340000,0.6464486245591818,1.4159506470638006,-0.570221772260976,0.22288924864781376,1,0,0,0,0,-0.8051373404059411,0,1,0,15.283385136491308
4319000,-0.5208796655529305,-1.3105075137718154,-0.570221772260976,-0.9297665800737371,1,0,1,0,0,-0.8051373404059411,0,0,0,15.278534683477888
4305000,-0.3432217620122947,-1.3105075137718154,-0.570221772260976,-0.9297665800737371,1,0,0,0,0,0.35760089321221317,0,1,0,15.275287928131979
4305000,2.534063849678437,-1.3105075137718154,-0.570221772260976,-0.9297665800737371,1,0,0,0,0,0.35760089321221317,1,1,0,15.275287928131979
4277000,-0.8259878042422832,0.05272156664599259,-0.570221772260976,0.22288924864781376,1,0,1,0,0,1.5203391268303674,1,1,0,15.268762621017762
4270000,0.6029996807584829,-1.3105075137718154,-0.570221772260976,-0.9297665800737371,1,0,0,0,0,-0.8051373404059411,0,0,0,15.267124619396817
4270000,0.6029996807584829,-1.3105075137718154,-0.570221772260976,0.22288924864781376,1,0,0,0,0,-0.8051373404059411,0,0,1,15.267124619396817
4270000,-0.2949451577892958,-1.3105075137718154,-0.570221772260976,-0.9297665800737371,1,0,0,0,1,1.5203391268303674,0,0,0,15.267124619396817
4270000,-1.4173762059740191,0.05272156664599259,-0.570221772260976,0.22288924864781376,0,1,1,0,1,-0.8051373404059411,0,0,1,15.267124619396817
4270000,-0.36253240370149425,1.4159506470638006,-0.570221772260976,0.22288924864781376,1,0,0,0,0,-0.8051373404059411,0,0,0,15.267124619396817
4270000,1.2836998003027666,-1.3105075137718154,-0.570221772260976,-0.9297665800737371,1,0,0,0,0,0.35760089321221317,0,0,0,15.267124619396817
4235000,0.7430018330051795,0.05272156664599259,-0.570221772260976,0.22288924864781376,1,1,0,0,0,-0.8051373404059411,0,1,0,15.258894122195773
4235000,-1.1219233881292663,0.05272156664599259,-0.570221772260976,-0.9297665800737371,1,0,1,0,0,-0.8051373404059411,1,0,0,15.258894122195773
4200000,0.18782088444069273,0.05272156664599259,-0.570221772260976,0.22288924864781376,1,0,0,0,1,-0.8051373404059411,0,0,1,15.250595321348806
4200000,-0.03425149498510201,0.05272156664599259,-0.570221772260976,0.22288924864781376,1,0,1,0,1,-0.8051373404059411,0,0,1,15.250595321348806
4200000,0.35678899922118873,-1.3105075137718154,-0.570221772260976,-0.9297665800737371,1,1,1,0,0,1.5203391268303674,0,1,0,15.250595321348806
4200000,-1.207372977603974,1.4159506470638006,3.4509525438131803,0.22288924864781376,0,0,0,0,0,-0.8051373404059411,0,1,0,15.250595321348806
4200000,-1.041784225119088,0.05272156664599259,-0.570221772260976,0.22288924864781376,1,0,1,0,1,-0.8051373404059411,0,0,1,15.250595321348806
4200000,-1.1412340298184658,1.4159506470638006,1.4403653857761023,0.22288924864781376,0,0,0,0,0,-0.8051373404059411,0,1,0,15.250595321348806
4200000,-0.3383941015899948,-1.3105075137718154,-0.570221772260976,-0.9297665800737371,0,0,0,0,0,0.35760089321221317,0,0,1,15.250595321348806
4200000,-0.5363281789042901,1.4159506470638006,1.4403653857761023,0.22288924864781376,0,0,0,0,0,-0.8051373404059411,0,1,0,15.250595321348806
4200000,-1.344961299639521,0.05272156664599259,-0.570221772260976,0.22288924864781376,0,0,0,0,0,-0.8051373404059411,0,1,0,15.250595321348806
4200000,-0.24666855356629697,0.05272156664599259,1.4403653857761023,0.22288924864781376,1,0,0,0,1,0.35760089321221317,0,1,0,15.250595321348806
4200000,-0.710123954107086,0.05272156664599259,1.4403653857761023,0.22288924864781376,1,0,1,0,0,-0.8051373404059411,0,0,1,15.250595321348806
4200000,0.3326506971096893,0.05272156664599259,-0.570221772260976,-0.9297665800737371,1,0,0,1,0,1.5203391268303674,0,1,0,15.250595321348806
4200000,0.9119699477856755,0.05272156664599259,-0.570221772260976,-0.9297665800737371,1,0,0,0,0,2.6830773604485216,0,0,0,15.250595321348806
4200000,-0.498189661568121,0.05272156664599259,-0.570221772260976,1.3755450773693647,1,0,0,0,0,-0.8051373404059411,0,1,0,15.250595321348806
4200000,-0.7680558791746847,0.05272156664599259,-0.570221772260976,0.22288924864781376,1,0,0,0,0,-0.8051373404059411,1,1,0,15.250595321348806
4200000,-1.431859187240919,0.05272156664599259,-0.570221772260976,1.3755450773693647,1,0,0,0,0,0.35760089321221317,1,0,1,15.250595321348806
4200000,-0.2949451577892958,0.05272156664599259,-0.570221772260976,-0.9297665800737371,1,0,1,0,0,-0.8051373404059411,0,0,0,15.250595321348806
4193000,1.5154275005731612,0.05272156664599259,-0.570221772260976,-0.9297665800737371,1,0,1,0,0,2.6830773604485216,0,1,0,15.248927264645598
4193000,-0.8018495021307838,0.05272156664599259,-0.570221772260976,0.22288924864781376,1,0,0,0,0,0.35760089321221317,0,1,0,15.248927264645598
4165000,-0.13080470343109973,0.05272156664599259,-0.570221772260976,0.22288924864781376,1,0,0,0,0,0.35760089321221317,0,1,0,15.24222707367909
4165000,-0.49770689552589104,0.05272156664599259,-0.570221772260976,0.22288924864781376,1,0,0,0,0,1.5203391268303674,0,1,0,15.24222707367909
4165000,-0.5141209409617107,0.05272156664599259,-0.570221772260976,0.22288924864781376,1,0,1,0,0,0.35760089321221317,0,1,0,15.24222707367909
4130000,-0.23122004021493733,1.4159506470638006,-0.570221772260976,0.22288924864781376,1,0,0,0,1,-0.8051373404059411,0,1,0,15.233788207067937
4130000,0.4219624149222372,0.05272156664599259,-0.570221772260976,-0.9297665800737371,1,0,1,0,0,-0.8051373404059411,0,1,0,15.233788207067937
4123000,0.45816986808948634,-1.3105075137718154,-0.570221772260976,-0.9297665800737371,1,0,1,0,0,0.35760089321221317,0,1,0,15.232091854230847
4098500,-0.7294345957962856,0.05272156664599259,-0.570221772260976,-0.9297665800737371,1,0,1,0,1,-0.8051373404059411,1,0,0,15.226131855066896
4095000,-0.6908133124178865,0.05272156664599259,1.4403653857761023,0.22288924864781376,1,0,0,0,0,-0.8051373404059411,0,1,0,15.225277519469522
4095000,-0.5170175372150906,-1.3105075137718154,-0.570221772260976,0.22288924864781376,1,0,0,0,0,0.35760089321221317,0,1,0,15.225277519469522
4095000,0.2360974886636916,-1.3105075137718154,-0.570221772260976,-0.9297665800737371,1,0,0,0,1,-0.8051373404059411,0,1,0,15.225277519469522
4060000,0.38092730133268815,1.4159506470638006,1.4403653857761023,0.22288924864781376,0,0,1,0,0,0.35760089321221317,0,0,1,15.216693777883304
4060000,-0.057424265012141464,0.05272156664599259,1.4403653857761023,0.22288924864781376,1,0,0,0,0,1.5203391268303674,0,0,1,15.216693777883304
4060000,-0.372187724546094,0.05272156664599259,-0.570221772260976,-0.9297665800737371,1,0,0,0,0,-0.8051373404059411,0,1,0,15.216693777883304
4060000,-1.0190942211342786,1.4159506470638006,-0.570221772260976,1.3755450773693647,1,0,1,0,1,1.5203391268303674,0,1,0,15.216693777883304
4060000,-0.38184304539069375,0.05272156664599259,-0.570221772260976,0.22288924864781376,1,0,0,0,0,1.5203391268303674,1,0,0,15.216693777883304
4025000,-0.7149516145293858,0.05272156664599259,1.4403653857761023,0.22288924864781376,1,0,0,1,0,1.5203391268303674,0,1,0,15.208035717281975
4025000,-0.7970218417084839,0.05272156664599259,1.4403653857761023,-0.9297665800737371,1,0,1,0,1,0.35760089321221317,0,0,0,15.208035717281975
4025000,0.13954428021769388,0.05272156664599259,-0.570221772260976,-0.9297665800737371,1,0,0,0,0,2.6830773604485216,0,1,0,15.208035717281975
4007500,-0.2949451577892958,0.05272156664599259,-0.570221772260976,0.22288924864781376,0,0,1,0,1,-0.8051373404059411,0,1,0,15.203678412997942
4007500,-0.7970218417084839,1.4159506470638006,-0.570221772260976,0.22288924864781376,1,0,0,0,1,-0.8051373404059411,0,1,0,15.203678412997942
3990000,-0.48805157468129123,1.4159506470638006,-0.570221772260976,-0.9297665800737371,0,0,1,0,0,-0.8051373404059411,0,0,1,15.199302039492581
3990000,0.6609316058260816,0.05272156664599259,-0.570221772260976,0.22288924864781376,0,0,0,0,1,0.35760089321221317,0,1,0,15.199302039492581
3990000,-0.2949451577892958,0.05272156664599259,1.4403653857761023,0.22288924864781376,0,0,1,0,1,-0.8051373404059411,0,1,0,15.199302039492581
3990000,-0.5556388205934897,0.05272156664599259,-0.570221772260976,0.22288924864781376,1,0,0,0,0,-0.8051373404059411,0,0,0,15.199302039492581
3990000,-0.5121898767927907,-1.3105075137718154,-0.570221772260976,0.22288924864781376,1,1,1,0,0,-0.8051373404059411,1,0,1,15.199302039492581
3920000,1.0374891187654727,0.05272156664599259,1.4403653857761023,-0.9297665800737371,1,1,1,0,0,2.6830773604485216,0,0,0,15.181602466868654
3920000,0.18782088444069273,1.4159506470638006,-0.570221772260976,0.22288924864781376,1,1,1,0,0,-0.8051373404059411,0,1,0,15.181602466868654
3920000,-1.0190942211342786,0.05272156664599259,-0.570221772260976,0.22288924864781376,1,0,0,0,0,-0.8051373404059411,0,1,0,15.181602466868654
3920000,-0.879092068887582,-1.3105075137718154,-0.570221772260976,-0.9297665800737371,1,0,0,1,0,0.35760089321221317,0,0,0,15.181602466868654
3920000,-0.625157130674608,-1.3105075137718154,-0.570221772260976,-0.9297665800737371,1,0,1,0,1,1.5203391268303674,0,0,0,15.181602466868654
3920000,1.4333572733940632,0.05272156664599259,-0.570221772260976,-0.9297665800737371,1,0,0,0,1,1.5203391268303674,0,1,0,15.181602466868654
3920000,-1.431859187240919,1.4159506470638006,1.4403653857761023,-0.9297665800737371,1,0,1,0,0,-0.8051373404059411,1,0,1,15.181602466868654
3885000,-0.6425367081948876,-1.3105075137718154,-0.570221772260976,0.22288924864781376,1,1,1,0,0,-0.8051373404059411,0,1,0,15.172633799184108
3885000,-0.9321963335328808,1.4159506470638006,1.4403653857761023,0.22288924864781376,1,0,0,0,0,-0.8051373404059411,0,0,0,15.172633799184108
3850000,0.09126767599469501,2.7791797274816084,1.4403653857761023,0.22288924864781376,1,0,0,0,0,-0.8051373404059411,0,1,0,15.163583966004193
3850000,-0.9321963335328808,-1.3105075137718154,1.4403653857761023,-0.9297665800737371,1,0,1,0,0,1.5203391268303674,0,1,0,15.163583966004193
3850000,0.9853503862046338,0.05272156664599259,-0.570221772260976,0.22288924864781376,1,0,0,0,1,-0.8051373404059411,0,0,0,15.163583966004193
3850000,-0.49770689552589104,-1.3105075137718154,-0.570221772260976,-0.9297665800737371,1,0,0,0,0,-0.8051373404059411,0,1,0,15.163583966004193
3850000,-0.6087430852387884,-1.3105075137718154,-0.570221772260976,-0.9297665800737371,1,0,0,0,0,-0.8051373404059411,0,1,0,15.163583966004193
3850000,-1.4946187727308173,0.05272156664599259,-0.570221772260976,0.22288924864781376,1,0,1,0,0,-0.8051373404059411,1,1,0,15.163583966004193
3850000,-1.4168934399317892,-1.3105075137718154,-0.570221772260976,0.22288924864781376,1,1,0,0,0,-0.8051373404059411,1,1,0,15.163583966004193
3836000,-0.8501261063537827,0.05272156664599259,-0.570221772260976,0.22288924864781376,1,0,0,0,0,-0.8051373404059411,0,0,1,15.15994097567365
3815000,-0.9466793147997804,-1.3105075137718154,1.4403653857761023,-0.9297665800737371,0,0,1,0,0,-0.8051373404059411,0,1,0,15.154451484823857
3780000,-0.14046002427569948,0.05272156664599259,-0.570221772260976,0.22288924864781376,1,0,0,0,0,-0.8051373404059411,0,1,0,15.145234832146
3780000,-0.8163324833976835,-1.3105075137718154,-0.570221772260976,0.22288924864781376,1,0,0,1,0,0.35760089321221317,0,1,0,15.145234832146
3780000,-0.7294345957962856,-1.3105075137718154,-0.570221772260976,-0.9297665800737371,1,0,0,0,0,-0.8051373404059411,0,1,0,15.145234832146
3780000,0.34713367837658893,-1.3105075137718154,-0.570221772260976,-0.9297665800737371,1,0,0,0,0,1.5203391268303674,0,0,1,15.145234832146
3780000,-1.088612531215397,0.05272156664599259,-0.570221772260976,1.3755450773693647,1,0,0,0,0,-0.8051373404059411,1,0,0,15.145234832146
3780000,1.5878424069076595,-1.3105075137718154,-0.570221772260976,-0.9297665800737371,1,0,0,0,0,0.35760089321221317,0,0,0,15.145234832146
3773000,1.5154275005731612,0.05272156664599259,-0.570221772260976,-0.9297665800737371,1,0,0,0,0,1.5203391268303674,0,0,0,15.143381263987493
3773000,-1.2508219214046732,2.7791797274816084,1.4403653857761023,-0.9297665800737371,0,0,1,0,1,0.35760089321221317,0,0,0,15.143381263987493
3773000,0.8781763248295764,1.4159506470638006,-0.570221772260976,0.22288924864781376,0,0,0,0,0,0.35760089321221317,0,0,0,15.143381263987493
3745000,-0.7873665208638841,-1.3105075137718154,-0.570221772260976,-0.9297665800737371,1,0,0,0,0,-0.8051373404059411,1,1,0,15.135932441956118
3710000,-0.7294345957962856,0.05272156664599259,-0.570221772260976,-0.9297665800737371,1,0,0,0,0,0.35760089321221317,0,0,1,15.126542704125361
3710000,-0.5170175372150906,-1.3105075137718154,-0.570221772260976,-0.9297665800737371,1,0,0,0,0,-0.8051373404059411,0,1,0,15.126542704125361
3710000,0.4388592264002868,0.05272156664599259,-0.570221772260976,-0.9297665800737371,1,0,0,0,0,-0.8051373404059411,0,1,0,15.126542704125361
3710000,-0.5121898767927907,-1.3105075137718154,-0.570221772260976,-0.9297665800737371,1,0,0,0,0,-0.8051373404059411,0,0,0,15.126542704125361
3710000,-0.7371588524719653,-1.3105075137718154,-0.570221772260976,-0.9297665800737371,1,0,0,1,0,-0.8051373404059411,0,1,0,15.126542704125361
3703000,-0.96116229606668,0.05272156664599259,-0.570221772260976,0.22288924864781376,0,0,1,1,0,-0.8051373404059411,0,1,0,15.124654129947023
3703000,0.1636825823291933,-1.3105075137718154,-0.570221772260976,-0.9297665800737371,1,0,0,0,0,-0.8051373404059411,0,0,0,15.124654129947023
3675000,-0.7149516145293858,-1.3105075137718154,-0.570221772260976,-0.9297665800737371,1,0,1,0,0,-0.8051373404059411,0,0,0,15.11706396273788
3675000,-0.7149516145293858,-1.3105075137718154,-0.570221772260976,-0.9297665800737371,1,0,0,0,1,-0.8051373404059411,0,0,1,15.11706396273788
3675000,0.2554081303528911,-1.3105075137718154,-0.570221772260976,-0.9297665800737371,0,0,0,0,0,-0.8051373404059411,0,1,0,15.11706396273788
3675000,-0.7294345957962856,-1.3105075137718154,-0.570221772260976,-0.9297665800737371,1,0,0,0,0,-0.8051373404059411,0,0,0,15.11706396273788
3640000,-0.4011536870798933,-1.3105075137718154,-0.570221772260976,-0.9297665800737371,1,0,0,0,1,1.5203391268303674,0,1,0,15.10749451433816
3640000,-0.7439175770631852,0.05272156664599259,-0.570221772260976,0.22288924864781376,1,0,1,0,0,-0.8051373404059411,0,1,0,15.10749451433816
3640000,-0.9321963335328808,0.05272156664599259,-0.570221772260976,0.22288924864781376,0,0,1,0,0,-0.8051373404059411,0,1,0,15.10749451433816
3640000,-1.0190942211342786,-1.3105075137718154,-0.570221772260976,0.22288924864781376,1,0,0,0,1,-0.8051373404059411,0,0,0,15.10749451433816
3640000,-0.7680558791746847,-1.3105075137718154,1.4403653857761023,-0.9297665800737371,1,0,1,0,0,-0.8051373404059411,0,1,0,15.10749451433816
3640000,0.40989326386648745,0.05272156664599259,-0.570221772260976,0.22288924864781376,1,1,1,0,0,-0.8051373404059411,0,0,1,15.10749451433816
3640000,-0.4735685934143916,0.05272156664599259,1.4403653857761023,0.22288924864781376,1,0,0,0,0,1.5203391268303674,0,1,0,15.10749451433816
3640000,-1.091509127468777,0.05272156664599259,1.4403653857761023,0.22288924864781376,0,0,1,0,0,-0.8051373404059411,1,0,1,15.10749451433816
3640000,-1.3690996017510204,0.05272156664599259,-0.570221772260976,1.3755450773693647,1,0,0,1,1,-0.8051373404059411,1,1,0,15.10749451433816
3633000,-0.7680558791746847,0.05272156664599259,-0.570221772260976,-0.9297665800737371,1,0,0,0,0,1.5203391268303674,1,0,1,15.105569586457912
3605000,-0.2949451577892958,-1.3105075137718154,-0.570221772260976,-0.9297665800737371,1,0,0,0,0,-0.8051373404059411,0,1,0,15.09783260609366
3605000,-0.5363281789042901,-1.3105075137718154,-0.570221772260976,-0.9297665800737371,1,0,0,0,0,-0.8051373404059411,1,1,0,15.09783260609366
3570000,-0.9466793147997804,0.05272156664599259,-0.570221772260976,0.22288924864781376,1,0,1,0,0,-0.8051373404059411,0,0,0,15.088076433867828
3570000,-0.2949451577892958,1.4159506470638006,1.4403653857761023,0.22288924864781376,1,0,1,0,0,1.5203391268303674,0,0,0,15.088076433867828
3570000,-0.2949451577892958,-1.3105075137718154,-0.570221772260976,-0.9297665800737371,0,0,0,0,0,-0.8051373404059411,0,0,0,15.088076433867828
3570000,-0.710123954107086,-1.3105075137718154,-0.570221772260976,-0.9297665800737371,1,0,0,0,0,-0.8051373404059411,0,0,1,15.088076433867828
3535000,-0.6087430852387884,0.05272156664599259,-0.570221772260976,-0.9297665800737371,1,0,0,0,0,1.5203391268303674,0,0,1,15.078224140198202
3500000,-0.42046432876909284,0.05272156664599259,-0.570221772260976,0.22288924864781376,1,0,0,0,1,-0.8051373404059411,0,1,0,15.068273812173887
3500000,-0.7052962936847861,0.05272156664599259,-0.570221772260976,0.22288924864781376,1,0,0,0,0,-0.8051373404059411,0,0,1,15.068273812173887
3500000,-0.24666855356629697,1.4159506470638006,-0.570221772260976,0.22288924864781376,1,0,0,0,0,-0.8051373404059411,0,1,0,15.068273812173887
3500000,-1.4366868476632189,0.05272156664599259,1.4403653857761023,0.22288924864781376,0,0,0,0,0,-0.8051373404059411,0,0,1,15.068273812173887
3500000,-1.001714643613999,0.05272156664599259,-0.570221772260976,0.22288924864781376,1,0,1,0,0,-0.8051373404059411,0,1,0,15.068273812173887
3500000,-0.54115583932659,0.05272156664599259,-0.570221772260976,0.22288924864781376,1,0,0,0,0,-0.8051373404059411,0,1,0,15.068273812173887
3500000,1.1166627496911907,0.05272156664599259,-0.570221772260976,-0.9297665800737371,0,0,0,0,0,-0.8051373404059411,0,0,1,15.068273812173887
3500000,-0.7873665208638841,0.05272156664599259,-0.570221772260976,-0.9297665800737371,0,0,0,0,1,-0.8051373404059411,0,0,1,15.068273812173887
3500000,-0.7294345957962856,4.142408807899416,-0.570221772260976,0.22288924864781376,1,0,0,0,0,0.35760089321221317,0,0,1,15.068273812173887
3500000,-0.710123954107086,-1.3105075137718154,-0.570221772260976,-0.9297665800737371,1,0,0,0,0,0.35760089321221317,0,1,0,15.068273812173887
3500000,0.38092730133268815,-1.3105075137718154,-0.570221772260976,-0.9297665800737371,1,0,0,0,0,0.35760089321221317,0,0,0,15.068273812173887
3500000,-0.96116229606668,0.05272156664599259,-0.570221772260976,0.22288924864781376,1,0,0,0,0,0.35760089321221317,0,0,1,15.068273812173887
3500000,1.0809380625661715,-1.3105075137718154,-0.570221772260976,-0.9297665800737371,1,0,0,0,0,0.35760089321221317,0,1,0,15.068273812173887
3500000,-0.7719180075125245,-1.3105075137718154,-0.570221772260976,-0.9297665800737371,1,0,0,0,0,0.35760089321221317,1,0,1,15.068273812173887
3500000,2.118885053360647,0.05272156664599259,-0.570221772260976,0.22288924864781376,1,0,0,0,0,2.6830773604485216,1,0,1,15.068273812173887
3500000,0.3712719804880884,-1.3105075137718154,-0.570221772260976,-0.9297665800737371,1,0,0,0,0,-0.8051373404059411,0,0,1,15.068273812173887
3500000,3.7815313028007274,0.05272156664599259,-0.570221772260976,-0.9297665800737371,1,0,0,0,0,-0.8051373404059411,0,0,1,15.068273812173887
3493000,-0.10183874089730041,0.05272156664599259,-0.570221772260976,0.22288924864781376,0,0,0,0,0,-0.8051373404059411,0,0,1,15.066271810075788
3465000,-0.9901282586004794,0.05272156664599259,-0.570221772260976,-0.9297665800737371,1,0,0,0,0,-0.8051373404059411,0,0,1,15.058223479206388
3465000,0.10092299683929479,-1.3105075137718154,-0.570221772260976,-0.9297665800737371,1,0,0,0,0,0.35760089321221317,1,0,1,15.058223479206388
3465000,-1.431859187240919,0.05272156664599259,-0.570221772260976,1.3755450773693647,1,0,0,0,0,-0.8051373404059411,1,0,0,15.058223479206388
3430000,-0.5363281789042901,-1.3105075137718154,-0.570221772260976,-0.9297665800737371,1,0,0,0,0,-0.8051373404059411,0,0,1,15.04807111068727
3430000,-0.9297825033217307,-1.3105075137718154,-0.570221772260976,-0.9297665800737371,1,0,0,0,0,1.5203391268303674,0,0,1,15.04807111068727
3430000,-0.6087430852387884,0.05272156664599259,-0.570221772260976,-0.9297665800737371,1,0,0,0,0,-0.8051373404059411,0,0,1,15.04807111068727
3430000,-1.431859187240919,0.05272156664599259,-0.570221772260976,1.3755450773693647,1,0,0,0,0,-0.8051373404059411,1,0,0,15.04807111068727
3430000,-1.207372977603974,0.05272156664599259,-0.570221772260976,0.22288924864781376,1,0,1,0,0,-0.8051373404059411,1,0,1,15.04807111068727
3430000,-1.5259985654757666,0.05272156664599259,1.4403653857761023,0.22288924864781376,1,0,1,0,0,-0.8051373404059411,1,0,1,15.04807111068727
3423000,-0.5170175372150906,-1.3105075137718154,-0.570221772260976,-0.9297665800737371,1,0,0,0,0,-0.8051373404059411,0,0,1,15.046028209653675
3395000,-0.1573568357537491,0.05272156664599259,-0.570221772260976,0.22288924864781376,1,1,1,0,1,0.35760089321221317,0,0,0,15.0378146135257
3395000,-0.8018495021307838,0.05272156664599259,-0.570221772260976,-0.9297665800737371,1,0,1,0,0,1.5203391268303674,0,0,1,15.0378146135257
3395000,-0.710123954107086,-1.3105075137718154,-0.570221772260976,-0.9297665800737371,1,0,0,0,0,-0.8051373404059411,0,0,0,15.0378146135257
3360000,-0.7777112000192844,1.4159506470638006,-0.570221772260976,0.22288924864781376,1,0,0,0,1,1.5203391268303674,0,0,1,15.027451829558391
3360000,-0.07287277836350109,1.4159506470638006,-0.570221772260976,1.3755450773693647,0,0,0,0,0,-0.8051373404059411,0,1,0,15.027451829558391
3360000,-0.4783962538366915,-1.3105075137718154,-0.570221772260976,0.22288924864781376,1,0,0,0,0,-0.8051373404059411,0,0,1,15.027451829558391
3360000,-0.1742536472317987,-1.3105075137718154,-0.570221772260976,-0.9297665800737371,1,0,0,0,0,-0.8051373404059411,0,0,1,15.027451829558391
3360000,-0.6715026707286869,-1.3105075137718154,-0.570221772260976,-0.9297665800737371,0,0,0,0,1,-0.8051373404059411,0,0,1,15.027451829558391
3360000,-0.6570196894617872,0.05272156664599259,-0.570221772260976,-0.9297665800737371,1,0,0,0,0,-0.8051373404059411,0,0,1,15.027451829558391
3360000,-0.9708176169112798,0.05272156664599259,-0.570221772260976,0.22288924864781376,0,0,1,0,0,-0.8051373404059411,0,1,0,15.027451829558391
3360000,-0.9297825033217307,-1.3105075137718154,-0.570221772260976,-0.9297665800737371,1,0,1,0,0,1.5203391268303674,0,0,0,15.027451829558391
3353000,-1.1639240338032752,0.05272156664599259,-0.570221772260976,-0.9297665800737371,0,0,0,0,0,-0.8051373404059411,0,0,0,15.025366323688703
3332000,-1.431859187240919,0.05272156664599259,-0.570221772260976,0.22288924864781376,1,0,1,0,0,-0.8051373404059411,1,0,0,15.019083582388873
3325000,-0.5170175372150906,-1.3105075137718154,-0.570221772260976,-0.9297665800737371,1,0,0,0,0,0.35760089321221317,0,0,1,15.016980532823926
3325000,-0.16218449617604896,1.4159506470638006,-0.570221772260976,0.22288924864781376,1,0,0,0,0,-0.8051373404059411,0,0,1,15.016980532823926
3290000,-1.260477242249273,-1.3105075137718154,-0.570221772260976,-0.9297665800737371,0,0,0,0,1,-0.8051373404059411,0,0,1,15.006398426692876
3290000,-0.9321963335328808,1.4159506470638006,-0.570221772260976,0.22288924864781376,1,0,1,0,1,-0.8051373404059411,0,0,1,15.006398426692876
3290000,0.45816986808948634,0.05272156664599259,-0.570221772260976,-0.9297665800737371,1,1,1,0,0,-0.8051373404059411,0,0,0,15.006398426692876
3290000,-0.7873665208638841,1.4159506470638006,-0.570221772260976,0.22288924864781376,0,0,0,0,0,0.35760089321221317,0,1,0,15.006398426692876
3290000,-0.6367435156881277,1.4159506470638006,-0.570221772260976,0.22288924864781376,1,0,0,0,0,-0.8051373404059411,0,1,0,15.006398426692876
3290000,-0.5170175372150906,-1.3105075137718154,-0.570221772260976,-0.9297665800737371,1,0,0,0,0,-0.8051373404059411,0,0,1,15.006398426692876
3290000,-1.431859187240919,0.05272156664599259,-0.570221772260976,0.22288924864781376,1,0,1,0,0,-0.8051373404059411,1,0,0,15.006398426692876
3290000,0.3712719804880884,0.05272156664599259,-0.570221772260976,-0.9297665800737371,1,0,0,0,0,0.35760089321221317,0,0,1,15.006398426692876
3255000,-0.2949451577892958,-1.3105075137718154,-0.570221772260976,-0.9297665800737371,0,0,0,0,0,-0.8051373404059411,0,1,0,14.995703140844421
3255000,-0.5701218018603893,-1.3105075137718154,-0.570221772260976,-0.9297665800737371,0,0,0,0,0,-0.8051373404059411,0,0,1,14.995703140844421
3234000,-0.710123954107086,1.4159506470638006,-0.570221772260976,0.22288924864781376,1,0,1,0,0,-0.8051373404059411,0,0,1,14.989230628333736
3220000,-0.3577047432791943,0.05272156664599259,-0.570221772260976,0.22288924864781376,1,0,0,0,0,-0.8051373404059411,0,0,1,14.984892228079548
3220000,-1.1716482904789551,-1.3105075137718154,-0.570221772260976,-0.9297665800737371,1,0,0,0,1,0.35760089321221317,0,0,1,14.984892228079548
3220000,-0.38184304539069375,0.05272156664599259,-0.570221772260976,-0.9297665800737371,0,0,0,0,0,0.35760089321221317,0,0,1,14.984892228079548
3220000,-0.96116229606668,0.05272156664599259,-0.570221772260976,0.22288924864781376,0,0,0,0,0,-0.8051373404059411,0,0,0,14.984892228079548
3150000,-0.8018495021307838,-2.673736594189623,-0.570221772260976,-0.9297665800737371,1,0,0,0,0,-0.8051373404059411,0,0,0,14.962913328262083
3150000,-0.5430869034955099,-1.3105075137718154,1.4403653857761023,-0.9297665800737371,0,1,1,0,0,0.35760089321221317,0,0,1,14.962913328262083
3150000,-0.7777112000192844,-1.3105075137718154,-0.570221772260976,-0.9297665800737371,0,0,1,0,0,-0.8051373404059411,0,1,0,14.962913328262083
3150000,-0.4904654048924412,-1.3105075137718154,-0.570221772260976,-0.9297665800737371,1,0,0,0,0,1.5203391268303674,0,1,0,14.962913328262083
3150000,-1.6708283781447633,0.05272156664599259,-0.570221772260976,0.22288924864781376,0,0,1,0,0,-0.8051373404059411,0,0,1,14.962913328262083
3150000,-0.8018495021307838,0.05272156664599259,-0.570221772260976,0.22288924864781376,1,0,1,0,0,-0.8051373404059411,0,1,0,14.962913328262083
3150000,0.7912784372281785,-1.3105075137718154,-0.570221772260976,-0.9297665800737371,1,0,0,0,0,-0.8051373404059411,0,1,0,14.962913328262083
3150000,1.8775020322456526,0.05272156664599259,-0.570221772260976,0.22288924864781376,1,0,0,0,0,1.5203391268303674,0,1,0,14.962913328262083
3150000,-0.9857833642204095,-1.3105075137718154,-0.570221772260976,-0.9297665800737371,1,0,0,0,0,0.35760089321221317,0,0,1,14.962913328262083
3143000,-0.2949451577892958,0.05272156664599259,-0.570221772260976,0.22288924864781376,1,0,0,0,1,-0.8051373404059411,0,0,1,14.96068863394701
3129000,0.1854070542295428,0.05272156664599259,-0.570221772260976,-0.9297665800737371,1,0,1,0,0,-0.8051373404059411,0,0,1,14.956224342241892
3118850,-1.3097193785567318,0.05272156664599259,-0.570221772260976,-0.9297665800737371,1,0,0,0,0,-0.8051373404059411,1,1,0,14.95297522272713
3115000,-1.0190942211342786,0.05272156664599259,-0.570221772260976,-0.9297665800737371,0,0,0,0,1,-0.8051373404059411,0,0,1,14.951740031230926
3115000,-0.6087430852387884,0.05272156664599259,-0.570221772260976,0.22288924864781376,1,0,0,0,0,-0.8051373404059411,0,0,1,14.951740031230926
3115000,-0.7777112000192844,-1.3105075137718154,-0.570221772260976,-0.9297665800737371,1,0,0,0,0,-0.8051373404059411,0,0,1,14.951740031230926
3087000,1.443012594238663,-1.3105075137718154,-0.570221772260976,-0.9297665800737371,1,0,0,0,0,0.35760089321221317,0,0,1,14.942710627423343
3080000,-0.07287277836350109,-1.3105075137718154,-0.570221772260976,-0.9297665800737371,1,0,1,0,1,-0.8051373404059411,0,0,1,14.940440479625028
3080000,-1.424617696607469,0.05272156664599259,-0.570221772260976,0.22288924864781376,0,0,1,0,0,-0.8051373404059411,0,1,0,14.940440479625028
3080000,-0.9756452773335798,-1.3105075137718154,-0.570221772260976,-0.9297665800737371,1,1,1,0,0,-0.8051373404059411,0,0,1,14.940440479625028
3080000,-0.2949451577892958,-1.3105075137718154,-0.570221772260976,0.22288924864781376,1,0,0,1,0,0.35760089321221317,0,1,0,14.940440479625028
3045000,-0.6328813873502879,-1.3105075137718154,-0.570221772260976,-0.9297665800737371,1,0,0,0,0,-0.8051373404059411,0,0,1,14.929011787533305
3010000,-0.9756452773335798,0.05272156664599259,-0.570221772260976,0.22288924864781376,0,0,0,0,0,-0.8051373404059411,0,1,0,14.917450968950916
3010000,-0.9032303709990814,0.05272156664599259,-0.570221772260976,0.22288924864781376,1,0,0,0,0,1.5203391268303674,0,1,0,14.917450968950916
3010000,-1.0987506181022269,-1.3105075137718154,-0.570221772260976,-0.9297665800737371,1,0,0,0,0,-0.8051373404059411,0,1,0,14.917450968950916
3010000,-0.24666855356629697,-1.3105075137718154,-0.570221772260976,-0.9297665800737371,1,0,0,0,0,-0.8051373404059411,0,0,0,14.917450968950916
3010000,-0.01687191746482242,0.05272156664599259,-0.570221772260976,-0.9297665800737371,0,0,0,0,0,-0.8051373404059411,0,0,1,14.917450968950916
3010000,-0.6570196894617872,0.05272156664599259,-0.570221772260976,0.22288924864781376,1,0,0,0,0,-0.8051373404059411,0,0,1,14.917450968950916
3010000,-0.7149516145293858,1.4159506470638006,-0.570221772260976,0.22288924864781376,1,0,0,0,0,2.6830773604485216,0,1,0,14.917450968950916
3003000,1.4188742921271635,-1.3105075137718154,-0.570221772260976,-0.9297665800737371,1,0,0,0,0,-0.8051373404059411,0,0,1,14.915122679965744
2975000,-0.36639453203933414,1.4159506470638006,-0.570221772260976,0.22288924864781376,0,0,0,0,0,0.35760089321221317,0,0,1,14.905754933096265
2961000,-1.0190942211342786,-1.3105075137718154,-0.570221772260976,0.22288924864781376,1,0,0,0,0,-0.8051373404059411,0,1,0,14.901037944807413
2940000,0.35678899922118873,0.05272156664599259,-0.570221772260976,0.22288924864781376,1,0,1,0,0,0.35760089321221317,0,0,1,14.89392047945086
2940000,-0.07287277836350109,-1.3105075137718154,-0.570221772260976,-0.9297665800737371,1,0,0,0,0,-0.8051373404059411,0,0,1,14.89392047945086
2940000,-0.7294345957962856,0.05272156664599259,-0.570221772260976,0.22288924864781376,0,0,0,0,0,0.35760089321221317,0,0,1,14.89392047945086
2940000,-0.7004686332624862,1.4159506470638006,-0.570221772260976,0.22288924864781376,0,0,0,0,0,-0.8051373404059411,0,0,1,14.89392047945086
2940000,-0.7873665208638841,0.05272156664599259,-0.570221772260976,0.22288924864781376,0,0,0,0,0,0.35760089321221317,0,1,0,14.89392047945086
2940000,-1.1639240338032752,-1.3105075137718154,-0.570221772260976,-0.9297665800737371,0,0,0,0,0,-0.8051373404059411,0,0,0,14.89392047945086
2940000,-0.9466793147997804,0.05272156664599259,-0.570221772260976,0.22288924864781376,0,0,0,0,0,-0.8051373404059411,0,0,1,14.89392047945086
2940000,0.72610502152713,0.05272156664599259,-0.570221772260976,0.22288924864781376,1,0,0,0,0,-0.8051373404059411,0,1,0,14.89392047945086
2870000,-0.9997835794450791,-1.3105075137718154,-0.570221772260976,-0.9297665800737371,0,0,0,0,0,-0.8051373404059411,0,0,1,14.869822936167798
2870000,-0.7149516145293858,-1.3105075137718154,-0.570221772260976,-0.9297665800737371,1,0,0,0,0,-0.8051373404059411,0,0,1,14.869822936167798
2870000,0.429203905555687,-1.3105075137718154,-0.570221772260976,-0.9297665800737371,1,0,0,0,0,-0.8051373404059411,0,1,0,14.869822936167798
2870000,0.13954428021769388,1.4159506470638006,-0.570221772260976,0.22288924864781376,1,0,0,0,0,-0.8051373404059411,0,0,1,14.869822936167798
2852500,0.04299107177169616,1.4159506470638006,-0.570221772260976,1.3755450773693647,1,0,0,0,0,-0.8051373404059411,0,0,1,14.863706711287982
2835000,-0.8742644084652821,0.05272156664599259,-0.570221772260976,0.22288924864781376,0,0,0,0,0,0.35760089321221317,0,1,0,14.857552847877614
2835000,-0.36736006412379413,0.05272156664599259,-0.570221772260976,0.22288924864781376,0,0,0,1,0,0.35760089321221317,0,0,1,14.857552847877614
2835000,-1.1928899963370745,-1.3105075137718154,-0.570221772260976,-0.9297665800737371,0,0,0,0,0,0.35760089321221317,0,0,0,14.857552847877614
2800000,-1.1880623359147746,0.05272156664599259,-0.570221772260976,0.22288924864781376,1,0,1,0,0,0.35760089321221317,0,0,1,14.845130332288226
2800000,-0.5556388205934897,0.05272156664599259,-0.570221772260976,-0.9297665800737371,1,0,0,0,0,-0.8051373404059411,0,0,0,14.845130332288226
2730000,0.8154167393396778,-1.3105075137718154,-0.570221772260976,-0.9297665800737371,1,0,0,0,0,-0.8051373404059411,0,0,1,14.819812533461441
2730000,-0.5363281789042901,0.05272156664599259,-0.570221772260976,0.22288924864781376,1,0,0,0,0,0.35760089321221317,0,0,1,14.819812533461441
2695000,-0.5363281789042901,-1.3105075137718154,-0.570221772260976,-0.9297665800737371,1,0,0,0,0,-0.8051373404059411,0,0,1,14.80690913338268
2660000,-0.5681907376914693,-1.3105075137718154,-0.570221772260976,-0.9297665800737371,1,0,0,0,0,-0.8051373404059411,0,0,1,14.793837056697662
2660000,-1.5018602633642673,-1.3105075137718154,-0.570221772260976,0.22288924864781376,1,0,0,0,0,-0.8051373404059411,0,1,0,14.793837056697662
2660000,-0.7149516145293858,0.05272156664599259,3.4509525438131803,0.22288924864781376,0,1,0,0,0,-0.8051373404059411,0,0,1,14.793837056697662
2660000,-1.1156474295802763,0.05272156664599259,-0.570221772260976,-0.9297665800737371,1,0,0,0,0,-0.8051373404059411,0,0,1,14.793837056697662
2660000,-1.294270865205372,0.05272156664599259,-0.570221772260976,-0.9297665800737371,0,0,0,0,0,-0.8051373404059411,0,0,1,14.793837056697662
2660000,-0.7873665208638841,-1.3105075137718154,-0.570221772260976,-0.9297665800737371,1,0,0,0,0,0.35760089321221317,0,1,0,14.793837056697662
2660000,-0.5363281789042901,0.05272156664599259,-0.570221772260976,-0.9297665800737371,1,0,0,0,0,-0.8051373404059411,0,1,0,14.793837056697662
2653000,-0.9297825033217307,-1.3105075137718154,-0.570221772260976,-0.9297665800737371,1,0,0,0,1,-0.8051373404059411,0,0,1,14.791202010051581
2653000,-0.5363281789042901,0.05272156664599259,-0.570221772260976,0.22288924864781376,1,0,0,0,1,-0.8051373404059411,0,0,1,14.791202010051581
2604000,-1.0625431649349777,-1.3105075137718154,-0.570221772260976,-0.9297665800737371,0,0,0,0,0,-0.8051373404059411,0,0,1,14.7725596663351
2590000,-0.7294345957962856,-1.3105075137718154,-0.570221772260976,-0.9297665800737371,1,0,0,0,0,-0.8051373404059411,0,0,1,14.767168819776032
2590000,-0.3432217620122947,-1.3105075137718154,-0.570221772260976,-0.9297665800737371,1,0,0,0,0,-0.8051373404059411,0,0,1,14.767168819776032
2590000,-0.7294345957962856,-1.3105075137718154,1.4403653857761023,0.22288924864781376,1,0,1,0,0,0.35760089321221317,0,0,0,14.767168819776032
2520000,-1.0770261462018773,0.05272156664599259,-0.570221772260976,-0.9297665800737371,0,0,0,0,0,-0.8051373404059411,0,0,1,14.739769856312924
2520000,-0.9321963335328808,0.05272156664599259,-0.570221772260976,-0.9297665800737371,0,0,0,0,0,-0.8051373404059411,0,0,1,14.739769856312924
2520000,-1.0190942211342786,-1.3105075137718154,-0.570221772260976,0.22288924864781376,1,0,0,0,0,-0.8051373404059411,0,0,0,14.739769856312924
2485000,-0.3432217620122947,0.05272156664599259,-0.570221772260976,0.22288924864781376,1,0,0,0,0,-0.8051373404059411,0,0,1,14.725783619927272
2485000,-1.0190942211342786,0.05272156664599259,-0.570221772260976,0.22288924864781376,0,0,0,0,0,-0.8051373404059411,0,1,0,14.725783619927272
2450000,-0.917713352265981,0.05272156664599259,-0.570221772260976,0.22288924864781376,1,0,1,0,0,-0.8051373404059411,0,0,1,14.711598990684092
2450000,-0.9032303709990814,-1.3105075137718154,-0.570221772260976,-0.9297665800737371,0,1,0,0,0,0.35760089321221317,0,0,1,14.711598990684092
2450000,-1.0190942211342786,-1.3105075137718154,-0.570221772260976,-0.9297665800737371,1,0,0,0,0,0.35760089321221317,0,0,1,14.711598990684092
2450000,-0.7777112000192844,-1.3105075137718154,-0.570221772260976,-0.9297665800737371,1,1,0,0,0,-0.8051373404059411,0,0,1,14.711598990684092
2450000,-0.13080470343109973,-1.3105075137718154,-0.570221772260976,0.22288924864781376,1,0,0,0,0,-0.8051373404059411,0,0,1,14.711598990684092
2450000,1.2499061773466675,-1.3105075137718154,-0.570221772260976,-0.9297665800737371,1,0,0,0,0,-0.8051373404059411,0,0,1,14.711598990684092
2408000,-0.7125377843182359,-1.3105075137718154,-0.570221772260976,-0.9297665800737371,0,0,0,0,0,-0.8051373404059411,0,0,1,14.694307500693155
2380000,-1.2725463933050227,0.05272156664599259,-0.570221772260976,0.22288924864781376,1,0,0,0,0,-0.8051373404059411,0,0,0,14.682611465815636
2380000,-1.1219233881292663,1.4159506470638006,1.4403653857761023,0.22288924864781376,1,0,0,0,0,-0.8051373404059411,0,0,0,14.682611465815636
2380000,-0.8916439859855617,-1.3105075137718154,-0.570221772260976,-0.9297665800737371,1,0,0,0,0,-0.8051373404059411,0,0,1,14.682611465815636
2345000,-0.710123954107086,-1.3105075137718154,-0.570221772260976,-0.9297665800737371,1,0,0,0,0,-0.8051373404059411,0,0,1,14.667796386301658
2310000,-0.9321963335328808,-1.3105075137718154,-0.570221772260976,-0.9297665800737371,1,0,0,0,0,-0.8051373404059411,0,0,1,14.652758515398315
2275000,-1.5810338942899853,-1.3105075137718154,-0.570221772260976,-0.9297665800737371,0,0,1,0,0,-0.8051373404059411,0,1,0,14.637491049927531
2275000,-0.5508111601711898,-2.673736594189623,-0.570221772260976,-0.9297665800737371,0,0,0,0,0,-0.8051373404059411,0,0,1,14.637491049927531
2275000,-0.5508111601711898,0.05272156664599259,-0.570221772260976,0.22288924864781376,1,0,1,0,0,-0.8051373404059411,0,0,1,14.637491049927531
2240000,-1.5259985654757666,0.05272156664599259,-0.570221772260976,-0.9297665800737371,0,0,0,1,0,-0.8051373404059411,0,0,1,14.621986870259695
2233000,0.09126767599469501,0.05272156664599259,-0.570221772260976,-0.9297665800737371,0,0,0,0,1,-0.8051373404059411,1,0,1,14.618856978650228
2135000,-1.0190942211342786,-1.3105075137718154,-0.570221772260976,-0.9297665800737371,0,0,0,0,0,-0.8051373404059411,0,0,1,14.573977673028827
2100000,-1.3087538464722719,0.05272156664599259,-0.570221772260976,0.22288924864781376,1,0,0,0,0,-0.8051373404059411,0,0,1,14.557448378884015
2100000,-1.0190942211342786,1.4159506470638006,-0.570221772260976,0.22288924864781376,1,0,0,0,0,-0.8051373404059411,0,0,1,14.557448378884015
2100000,-0.8452984459314828,-1.3105075137718154,-0.570221772260976,-0.9297665800737371,1,0,0,0,0,0.35760089321221317,0,0,1,14.557448378884015
1960000,-0.8163324833976835,2.7791797274816084,-0.570221772260976,0.22288924864781376,0,0,0,0,0,-0.8051373404059411,0,0,1,14.488455541410652
1890000,-1.646690076033264,0.05272156664599259,-0.570221772260976,0.22288924864781376,1,0,0,0,0,-0.8051373404059411,0,0,1,14.452087916136215
1890000,-0.705779059727016,-1.3105075137718154,-0.570221772260976,-0.9297665800737371,1,0,0,0,0,-0.8051373404059411,0,0,1,14.452087916136215
1855000,-1.0239218815565785,-1.3105075137718154,-0.570221772260976,-0.9297665800737371,0,0,0,0,0,0.35760089321221317,0,0,1,14.433395793107085
1820000,-1.0190942211342786,-1.3105075137718154,-0.570221772260976,-0.9297665800737371,1,0,1,0,0,1.5203391268303674,0,0,1,14.414347608503377
1767150,-1.3087538464722719,0.05272156664599259,-0.570221772260976,-0.9297665800737371,0,0,0,0,0,-0.8051373404059411,0,1,0,14.384879203225134
1750000,-0.7197792749516858,-1.3105075137718154,-0.570221772260976,-0.9297665800737371,1,0,0,0,0,-0.8051373404059411,0,0,1,14.375126917328105
1750000,-1.0625431649349777,0.05272156664599259,-0.570221772260976,-0.9297665800737371,0,0,0,0,0,-0.8051373404059411,0,0,0,14.375126917328105
1750000,-0.6087430852387884,0.05272156664599259,-0.570221772260976,0.22288924864781376,1,0,0,0,0,-0.8051373404059411,0,0,1,14.375126917328105
